-- INSERT DE EQUIPOS

INSERT INTO EQUIPOS (CODEQUIPO, NOMBRE, FECHA_FUNDACION,NUM_SOCIOS, VALOR_MERCADO) VALUES (1, 'Real Madrid CF' , TO_DATE('06/03/1902' ,'DD/MM/YYYY') , 93176,839);
INSERT INTO EQUIPOS (CODEQUIPO, NOMBRE, FECHA_FUNDACION,NUM_SOCIOS, VALOR_MERCADO) VALUES (2, 'FC Barcelona' , TO_DATE('29/11/1899' ,'DD/MM/YYYY') , 170000,799.5);
INSERT INTO EQUIPOS (CODEQUIPO, NOMBRE, FECHA_FUNDACION,NUM_SOCIOS, VALOR_MERCADO) VALUES (3, 'Atlético de Madrid' , TO_DATE('26/04/1903' ,'DD/MM/YYYY') , 128249,520.5);
INSERT INTO EQUIPOS (CODEQUIPO, NOMBRE, FECHA_FUNDACION,NUM_SOCIOS, VALOR_MERCADO) VALUES (4, 'Real Sociedad' , TO_DATE('30/11/1908' ,'DD/MM/YYYY') , 35342,385.5);
INSERT INTO EQUIPOS (CODEQUIPO, NOMBRE, FECHA_FUNDACION,NUM_SOCIOS, VALOR_MERCADO) VALUES (5, 'Villarreal CF' , TO_DATE('10/03/1923' ,'DD/MM/YYYY') , 15000,338.7);
INSERT INTO EQUIPOS (CODEQUIPO, NOMBRE, FECHA_FUNDACION,NUM_SOCIOS, VALOR_MERCADO) VALUES (6, 'Real Betis Balompié' , TO_DATE('12/09/1907' ,'DD/MM/YYYY') , 50373,270.2);
INSERT INTO EQUIPOS (CODEQUIPO, NOMBRE, FECHA_FUNDACION,NUM_SOCIOS, VALOR_MERCADO) VALUES (7, 'Valencia CF' , TO_DATE('18/03/1919' ,'DD/MM/YYYY') , 40000,244.5);
INSERT INTO EQUIPOS (CODEQUIPO, NOMBRE, FECHA_FUNDACION,NUM_SOCIOS, VALOR_MERCADO) VALUES (8, 'Sevilla FC' , TO_DATE('25/01/1890' ,'DD/MM/YYYY') , 39955,225);
INSERT INTO EQUIPOS (CODEQUIPO, NOMBRE, FECHA_FUNDACION,NUM_SOCIOS, VALOR_MERCADO) VALUES (9, 'Athletic Club' , TO_DATE('30/11/1897' ,'DD/MM/YYYY') , 44560,224.2);
INSERT INTO EQUIPOS (CODEQUIPO, NOMBRE, FECHA_FUNDACION,NUM_SOCIOS, VALOR_MERCADO) VALUES (10, 'Getafe CF' , TO_DATE('08/07/1983' ,'DD/MM/YYYY') , 13000,137.7);
INSERT INTO EQUIPOS (CODEQUIPO, NOMBRE, FECHA_FUNDACION,NUM_SOCIOS, VALOR_MERCADO) VALUES (11, 'CA Osasuna' , TO_DATE('17/11/1920' ,'DD/MM/YYYY') , 15502,127);
INSERT INTO EQUIPOS (CODEQUIPO, NOMBRE, FECHA_FUNDACION,NUM_SOCIOS, VALOR_MERCADO) VALUES (12, 'RC Celta de Vigo' , TO_DATE('23/08/1923' ,'DD/MM/YYYY') , 16801,124.2);
INSERT INTO EQUIPOS (CODEQUIPO, NOMBRE, FECHA_FUNDACION,NUM_SOCIOS, VALOR_MERCADO) VALUES (13, 'Girona FC' , TO_DATE('25/07/1930' ,'DD/MM/YYYY') , 9501,96.1);
INSERT INTO EQUIPOS (CODEQUIPO, NOMBRE, FECHA_FUNDACION,NUM_SOCIOS, VALOR_MERCADO) VALUES (14, 'Rayo Vallecano' , TO_DATE('29/05/1924' ,'DD/MM/YYYY') , 10360,91.5);
INSERT INTO EQUIPOS (CODEQUIPO, NOMBRE, FECHA_FUNDACION,NUM_SOCIOS, VALOR_MERCADO) VALUES (15, 'RCD Espanyol' , TO_DATE('20/10/1900' ,'DD/MM/YYYY') , 22970,90.9);
INSERT INTO EQUIPOS (CODEQUIPO, NOMBRE, FECHA_FUNDACION,NUM_SOCIOS, VALOR_MERCADO) VALUES (16, 'UD Almería' , TO_DATE('26/07/1989' ,'DD/MM/YYYY') , 9000,90.9);
INSERT INTO EQUIPOS (CODEQUIPO, NOMBRE, FECHA_FUNDACION,NUM_SOCIOS, VALOR_MERCADO) VALUES (17, 'RCD Mallorca' , TO_DATE('05/03/1916' ,'DD/MM/YYYY') , 16125,76.7);
INSERT INTO EQUIPOS (CODEQUIPO, NOMBRE, FECHA_FUNDACION,NUM_SOCIOS, VALOR_MERCADO) VALUES (18, 'Cádiz CF' , TO_DATE('30/11/1909' ,'DD/MM/YYYY') , 15218,61.9);
INSERT INTO EQUIPOS (CODEQUIPO, NOMBRE, FECHA_FUNDACION,NUM_SOCIOS, VALOR_MERCADO) VALUES (19, 'Real Valladolid CF' , TO_DATE('20/06/1928' ,'DD/MM/YYYY') , 22004,59.8);
INSERT INTO EQUIPOS (CODEQUIPO, NOMBRE, FECHA_FUNDACION,NUM_SOCIOS, VALOR_MERCADO) VALUES (20, 'Elche CF' , TO_DATE('28/08/1922' ,'DD/MM/YYYY') , 12005,59.2);
INSERT INTO EQUIPOS (CODEQUIPO, NOMBRE, FECHA_FUNDACION,NUM_SOCIOS, VALOR_MERCADO) VALUES (21, 'Real Madrid CF' , TO_DATE('06/03/1902' ,'DD/MM/YYYY') , 93176,839);
INSERT INTO EQUIPOS (CODEQUIPO, NOMBRE, FECHA_FUNDACION,NUM_SOCIOS, VALOR_MERCADO) VALUES (22, 'FC Barcelona' , TO_DATE('29/11/1899' ,'DD/MM/YYYY') , 170000,799.5);
INSERT INTO EQUIPOS (CODEQUIPO, NOMBRE, FECHA_FUNDACION,NUM_SOCIOS, VALOR_MERCADO) VALUES (23, 'Atlético de Madrid' , TO_DATE('26/04/1903' ,'DD/MM/YYYY') , 128249,520.5);
INSERT INTO EQUIPOS (CODEQUIPO, NOMBRE, FECHA_FUNDACION,NUM_SOCIOS, VALOR_MERCADO) VALUES (24, 'Real Sociedad' , TO_DATE('30/11/1908' ,'DD/MM/YYYY') , 35342,385.5);
INSERT INTO EQUIPOS (CODEQUIPO, NOMBRE, FECHA_FUNDACION,NUM_SOCIOS, VALOR_MERCADO) VALUES (25, 'Villarreal CF' , TO_DATE('10/03/1923' ,'DD/MM/YYYY') , 15000,338.7);
INSERT INTO EQUIPOS (CODEQUIPO, NOMBRE, FECHA_FUNDACION,NUM_SOCIOS, VALOR_MERCADO) VALUES (26, 'Real Betis Balompié' , TO_DATE('12/09/1907' ,'DD/MM/YYYY') , 50373,270.2);
INSERT INTO EQUIPOS (CODEQUIPO, NOMBRE, FECHA_FUNDACION,NUM_SOCIOS, VALOR_MERCADO) VALUES (27, 'Valencia CF' , TO_DATE('18/03/1919' ,'DD/MM/YYYY') , 40000,244.5);
INSERT INTO EQUIPOS (CODEQUIPO, NOMBRE, FECHA_FUNDACION,NUM_SOCIOS, VALOR_MERCADO) VALUES (28, 'Sevilla FC' , TO_DATE('25/01/1890' ,'DD/MM/YYYY') , 39955,225);
INSERT INTO EQUIPOS (CODEQUIPO, NOMBRE, FECHA_FUNDACION,NUM_SOCIOS, VALOR_MERCADO) VALUES (29, 'Athletic Club' , TO_DATE('30/11/1897' ,'DD/MM/YYYY') , 44560,224.2);
INSERT INTO EQUIPOS (CODEQUIPO, NOMBRE, FECHA_FUNDACION,NUM_SOCIOS, VALOR_MERCADO) VALUES (30, 'Getafe CF' , TO_DATE('08/07/1983' ,'DD/MM/YYYY') , 13000,137.7);
INSERT INTO EQUIPOS (CODEQUIPO, NOMBRE, FECHA_FUNDACION,NUM_SOCIOS, VALOR_MERCADO) VALUES (31, 'CA Osasuna' , TO_DATE('17/11/1920' ,'DD/MM/YYYY') , 15502,127);
INSERT INTO EQUIPOS (CODEQUIPO, NOMBRE, FECHA_FUNDACION,NUM_SOCIOS, VALOR_MERCADO) VALUES (32, 'RC Celta de Vigo' , TO_DATE('23/08/1923' ,'DD/MM/YYYY') , 16801,124.2);
INSERT INTO EQUIPOS (CODEQUIPO, NOMBRE, FECHA_FUNDACION,NUM_SOCIOS, VALOR_MERCADO) VALUES (33, 'Girona FC' , TO_DATE('25/07/1930' ,'DD/MM/YYYY') , 9501,96.1);
INSERT INTO EQUIPOS (CODEQUIPO, NOMBRE, FECHA_FUNDACION,NUM_SOCIOS, VALOR_MERCADO) VALUES (34, 'Rayo Vallecano' , TO_DATE('29/05/1924' ,'DD/MM/YYYY') , 10360,91.5);
INSERT INTO EQUIPOS (CODEQUIPO, NOMBRE, FECHA_FUNDACION,NUM_SOCIOS, VALOR_MERCADO) VALUES (35, 'RCD Espanyol' , TO_DATE('20/10/1900' ,'DD/MM/YYYY') , 22970,90.9);
INSERT INTO EQUIPOS (CODEQUIPO, NOMBRE, FECHA_FUNDACION,NUM_SOCIOS, VALOR_MERCADO) VALUES (36, 'UD Almería' , TO_DATE('26/07/1989' ,'DD/MM/YYYY') , 9000,90.9);
INSERT INTO EQUIPOS (CODEQUIPO, NOMBRE, FECHA_FUNDACION,NUM_SOCIOS, VALOR_MERCADO) VALUES (37, 'RCD Mallorca' , TO_DATE('05/03/1916' ,'DD/MM/YYYY') , 16125,76.7);

-- INSERT DE JUGADORES

INSERT INTO JUGADORES (CODJUGADOR,NOMBRE,FECNAC,DORSAL) VALUES (1,'Sergio Asenjo',TO_DATE('28/06/1989' ,'DD/MM/YYYY'),1);
INSERT INTO JUGADORES (CODJUGADOR,NOMBRE,FECNAC,DORSAL) VALUES (2,'Gerónimo Rulli',TO_DATE('20/05/1992' ,'DD/MM/YYYY'),13);
INSERT INTO JUGADORES (CODJUGADOR,NOMBRE,FECNAC,DORSAL) VALUES (3,'Filip Jörgensen',TO_DATE('16/04/2002' ,'DD/MM/YYYY'),35);
INSERT INTO JUGADORES (CODJUGADOR,NOMBRE,FECNAC,DORSAL) VALUES (4,'Iker Álvarez',TO_DATE('25/07/2001' ,'DD/MM/YYYY'),31);
INSERT INTO JUGADORES (CODJUGADOR,NOMBRE,FECNAC,DORSAL) VALUES (5,'Pau Torres',TO_DATE('16/01/1997' ,'DD/MM/YYYY'),4);
INSERT INTO JUGADORES (CODJUGADOR,NOMBRE,FECNAC,DORSAL) VALUES (6,'Raúl Albiol',TO_DATE('04/09/1985' ,'DD/MM/YYYY'),3);
INSERT INTO JUGADORES (CODJUGADOR,NOMBRE,FECNAC,DORSAL) VALUES (7,'Ramiro Funes Mori',TO_DATE('05/03/1991' ,'DD/MM/YYYY'),6);
INSERT INTO JUGADORES (CODJUGADOR,NOMBRE,FECNAC,DORSAL) VALUES (8,'Soufiane Chakla',TO_DATE('02/09/1993' ,'DD/MM/YYYY'),22);
INSERT INTO JUGADORES (CODJUGADOR,NOMBRE,FECNAC,DORSAL) VALUES (9,'Alfonso Pedraza',TO_DATE('09/04/1996' ,'DD/MM/YYYY'),24);
INSERT INTO JUGADORES (CODJUGADOR,NOMBRE,FECNAC,DORSAL) VALUES (10,'Pervis Estupiñán',TO_DATE('21/01/1998' ,'DD/MM/YYYY'),15);
INSERT INTO JUGADORES (CODJUGADOR,NOMBRE,FECNAC,DORSAL) VALUES (11,'Alberto Moreno',TO_DATE('05/07/1992' ,'DD/MM/YYYY'),18);
INSERT INTO JUGADORES (CODJUGADOR,NOMBRE,FECNAC,DORSAL) VALUES (12,'Jaume Costa',TO_DATE('18/03/1988' ,'DD/MM/YYYY'),21);
INSERT INTO JUGADORES (CODJUGADOR,NOMBRE,FECNAC,DORSAL) VALUES (13,'Juan Foyth',TO_DATE('12/01/1998' ,'DD/MM/YYYY'),8);
INSERT INTO JUGADORES (CODJUGADOR,NOMBRE,FECNAC,DORSAL) VALUES (14,'Mario Gaspar',TO_DATE('24/11/1990' ,'DD/MM/YYYY'),2);
INSERT INTO JUGADORES (CODJUGADOR,NOMBRE,FECNAC,DORSAL) VALUES (15,'Rubén Peña',TO_DATE('18/07/1991' ,'DD/MM/YYYY'),20);
INSERT INTO JUGADORES (CODJUGADOR,NOMBRE,FECNAC,DORSAL) VALUES (16,'Andrei Ratiu',TO_DATE('20/06/1998' ,'DD/MM/YYYY'),44);
INSERT INTO JUGADORES (CODJUGADOR,NOMBRE,FECNAC,DORSAL) VALUES (17,'Lanchi',TO_DATE('23/06/2001' ,'DD/MM/YYYY'),27);
INSERT INTO JUGADORES (CODJUGADOR,NOMBRE,FECNAC,DORSAL) VALUES (18,'Francis Coquelin',TO_DATE('13/05/1991' ,'DD/MM/YYYY'),19);
INSERT INTO JUGADORES (CODJUGADOR,NOMBRE,FECNAC,DORSAL) VALUES (19,'Vicente Iborra',TO_DATE('16/01/1988' ,'DD/MM/YYYY'),10);
INSERT INTO JUGADORES (CODJUGADOR,NOMBRE,FECNAC,DORSAL) VALUES (20,'Étienne Capoue',TO_DATE('11/07/1988' ,'DD/MM/YYYY'),25);
INSERT INTO JUGADORES (CODJUGADOR,NOMBRE,FECNAC,DORSAL) VALUES (21,'Manu Trigueros',TO_DATE('17/10/1991' ,'DD/MM/YYYY'),14);
INSERT INTO JUGADORES (CODJUGADOR,NOMBRE,FECNAC,DORSAL) VALUES (22,'Dani Parejo',TO_DATE('16/04/1989' ,'DD/MM/YYYY'),5);
INSERT INTO JUGADORES (CODJUGADOR,NOMBRE,FECNAC,DORSAL) VALUES (23,'Sergio Lozano',TO_DATE('24/03/1999' ,'DD/MM/YYYY'),47);
INSERT INTO JUGADORES (CODJUGADOR,NOMBRE,FECNAC,DORSAL) VALUES (24,'Carlo García',TO_DATE('12/02/2001' ,'DD/MM/YYYY'),28);
INSERT INTO JUGADORES (CODJUGADOR,NOMBRE,FECNAC,DORSAL) VALUES (25,'Moi Gómez',TO_DATE('23/06/1994' ,'DD/MM/YYYY'),23);
INSERT INTO JUGADORES (CODJUGADOR,NOMBRE,FECNAC,DORSAL) VALUES (26,'Javi Ontiveros',TO_DATE('09/09/1997' ,'DD/MM/YYYY'),8);
INSERT INTO JUGADORES (CODJUGADOR,NOMBRE,FECNAC,DORSAL) VALUES (27,'Álex Baena',TO_DATE('20/07/2001' ,'DD/MM/YYYY'),32);
INSERT INTO JUGADORES (CODJUGADOR,NOMBRE,FECNAC,DORSAL) VALUES (28,'Samuel Chukwueze',TO_DATE('22/05/1999' ,'DD/MM/YYYY'),11);
INSERT INTO JUGADORES (CODJUGADOR,NOMBRE,FECNAC,DORSAL) VALUES (29,'Takefusa Kubo',TO_DATE('04/06/2001' ,'DD/MM/YYYY'),16);
INSERT INTO JUGADORES (CODJUGADOR,NOMBRE,FECNAC,DORSAL) VALUES (30,'Yéremy Pino',TO_DATE('20/10/2002' ,'DD/MM/YYYY'),30);
INSERT INTO JUGADORES (CODJUGADOR,NOMBRE,FECNAC,DORSAL) VALUES (31,'Dani Raba',TO_DATE('29/10/1995' ,'DD/MM/YYYY'),12);
INSERT INTO JUGADORES (CODJUGADOR,NOMBRE,FECNAC,DORSAL) VALUES (32,'Gerard Moreno',TO_DATE('07/04/1992' ,'DD/MM/YYYY'),7);
INSERT INTO JUGADORES (CODJUGADOR,NOMBRE,FECNAC,DORSAL) VALUES (33,'Paco Alcácer',TO_DATE('30/08/1993' ,'DD/MM/YYYY'),17);
INSERT INTO JUGADORES (CODJUGADOR,NOMBRE,FECNAC,DORSAL) VALUES (34,'Fer Niño',TO_DATE('24/10/2000' ,'DD/MM/YYYY'),34);
INSERT INTO JUGADORES (CODJUGADOR,NOMBRE,FECNAC,DORSAL) VALUES (35,'Carlos Bacca',TO_DATE('08/09/1986' ,'DD/MM/YYYY'),9);
INSERT INTO JUGADORES (CODJUGADOR,NOMBRE,FECNAC,DORSAL) VALUES (36,'Álex Millán',TO_DATE('07/11/1999' ,'DD/MM/YYYY'),40);


-- INSERT DE ESTADIOS

INSERT INTO ESTADIOS (CODESTADIO,NOMBRE,CAPACIDAD,CIUDAD,CODEQUIPO) VALUES (1,'Estadio Santiago Bernabéu',81044,'Madrid',(SELECT CODEQUIPO FROM EQUIPOS WHERE UPPER(NOMBRE) = UPPER('Real Madrid CF')));
INSERT INTO ESTADIOS (CODESTADIO,NOMBRE,CAPACIDAD,CIUDAD,CODEQUIPO) VALUES (2,'Camp Nou',99354,'Barcelona',(SELECT CODEQUIPO FROM EQUIPOS WHERE UPPER(NOMBRE) = UPPER('FC Barcelona')));
INSERT INTO ESTADIOS (CODESTADIO,NOMBRE,CAPACIDAD,CIUDAD,CODEQUIPO) VALUES (3,'Estadio Cívitas Metropolitano',68456,'Madrid',(SELECT CODEQUIPO FROM EQUIPOS WHERE UPPER(NOMBRE) = UPPER('Atlético de Madrid')));
INSERT INTO ESTADIOS (CODESTADIO,NOMBRE,CAPACIDAD,CIUDAD,CODEQUIPO) VALUES (4,'Estadio Municipal de Anoeta',39313,'San Sebastian',(SELECT CODEQUIPO FROM EQUIPOS WHERE UPPER(NOMBRE) = UPPER('Real Sociedad')));
INSERT INTO ESTADIOS (CODESTADIO,NOMBRE,CAPACIDAD,CIUDAD,CODEQUIPO) VALUES (5,'Estadio de la Cerámica',22000,'Villareal',(SELECT CODEQUIPO FROM EQUIPOS WHERE UPPER(NOMBRE) = UPPER('Villarreal CF')));
INSERT INTO ESTADIOS (CODESTADIO,NOMBRE,CAPACIDAD,CIUDAD,CODEQUIPO) VALUES (6,'Estadio Benito Villamarín',60721,'Sevilla',(SELECT CODEQUIPO FROM EQUIPOS WHERE UPPER(NOMBRE) = UPPER('Real Betis Balompié')));
INSERT INTO ESTADIOS (CODESTADIO,NOMBRE,CAPACIDAD,CIUDAD,CODEQUIPO) VALUES (7,'Estadio de Mestalla',49430,'Valencia',(SELECT CODEQUIPO FROM EQUIPOS WHERE UPPER(NOMBRE) = UPPER('Valencia CF')));
INSERT INTO ESTADIOS (CODESTADIO,NOMBRE,CAPACIDAD,CIUDAD,CODEQUIPO) VALUES (8,'Estadio Ramón Sánchez-Pizjuán',43864,'Sevilla',(SELECT CODEQUIPO FROM EQUIPOS WHERE UPPER(NOMBRE) = UPPER('Sevilla FC')));
INSERT INTO ESTADIOS (CODESTADIO,NOMBRE,CAPACIDAD,CIUDAD,CODEQUIPO) VALUES (9,'San Mamés',53331,'Bilbao',(SELECT CODEQUIPO FROM EQUIPOS WHERE UPPER(NOMBRE) = UPPER('Athletic Club')));
INSERT INTO ESTADIOS (CODESTADIO,NOMBRE,CAPACIDAD,CIUDAD,CODEQUIPO) VALUES (10,'Coliseum Alfonso Pérez',16500,'Getafe',(SELECT CODEQUIPO FROM EQUIPOS WHERE UPPER(NOMBRE) = UPPER('Getafe CF')));
INSERT INTO ESTADIOS (CODESTADIO,NOMBRE,CAPACIDAD,CIUDAD,CODEQUIPO) VALUES (11,'Estadio El Sadar',23576,'Pamplona',(SELECT CODEQUIPO FROM EQUIPOS WHERE UPPER(NOMBRE) = UPPER('CA Osasuna')));
INSERT INTO ESTADIOS (CODESTADIO,NOMBRE,CAPACIDAD,CIUDAD,CODEQUIPO) VALUES (12,'Estadio Abanca-Balaídos',18267,'Vigo',(SELECT CODEQUIPO FROM EQUIPOS WHERE UPPER(NOMBRE) = UPPER('RC Celta de Vigo')));
INSERT INTO ESTADIOS (CODESTADIO,NOMBRE,CAPACIDAD,CIUDAD,CODEQUIPO) VALUES (13,'Girona F. C.',13320,'Gerona',(SELECT CODEQUIPO FROM EQUIPOS WHERE UPPER(NOMBRE) = UPPER('Girona FC')));
INSERT INTO ESTADIOS (CODESTADIO,NOMBRE,CAPACIDAD,CIUDAD,CODEQUIPO) VALUES (14,'Estadio de Vallecas',14505,'Madrid',(SELECT CODEQUIPO FROM EQUIPOS WHERE UPPER(NOMBRE) = UPPER('Rayo Vallecano')));
INSERT INTO ESTADIOS (CODESTADIO,NOMBRE,CAPACIDAD,CIUDAD,CODEQUIPO) VALUES (15,'RCDE Stadium',40500,'Barcelona',(SELECT CODEQUIPO FROM EQUIPOS WHERE UPPER(NOMBRE) = UPPER('RCD Espanyol')));
INSERT INTO ESTADIOS (CODESTADIO,NOMBRE,CAPACIDAD,CIUDAD,CODEQUIPO) VALUES (16,'Power Horse Stadium',15000,'Almeria',(SELECT CODEQUIPO FROM EQUIPOS WHERE UPPER(NOMBRE) = UPPER('UD Almería')));
INSERT INTO ESTADIOS (CODESTADIO,NOMBRE,CAPACIDAD,CIUDAD,CODEQUIPO) VALUES (17,'Estadio Mallorca Son Moix',23142,'Palma de Mallorca',(SELECT CODEQUIPO FROM EQUIPOS WHERE UPPER(NOMBRE) = UPPER('RCD Mallorca')));
INSERT INTO ESTADIOS (CODESTADIO,NOMBRE,CAPACIDAD,CIUDAD,CODEQUIPO) VALUES (18,'Estadio Nuevo Mirandilla',20724,'Cadiz',(SELECT CODEQUIPO FROM EQUIPOS WHERE UPPER(NOMBRE) = UPPER('Cádiz CF')));
INSERT INTO ESTADIOS (CODESTADIO,NOMBRE,CAPACIDAD,CIUDAD,CODEQUIPO) VALUES (19,'Estadio Municipal José Zorrilla',27618,'Valladolid',(SELECT CODEQUIPO FROM EQUIPOS WHERE UPPER(NOMBRE) = UPPER('Real Valladolid CF')));
INSERT INTO ESTADIOS (CODESTADIO,NOMBRE,CAPACIDAD,CIUDAD,CODEQUIPO) VALUES (20,'Estadio Martínez Valero',31388,'Alicante',(SELECT CODEQUIPO FROM EQUIPOS WHERE UPPER(NOMBRE) = UPPER('Elche CF')));


-- INSERT DE PARTIDOS


INSERT INTO PARTIDOS (CODPARTIDO,CODTEMPORADA,CODEQUIPO_LOCAL,CODEQUIPO_VISITANTE,GOLES_EQUIPO_LOCAL,GOLES_EQUIPO_VISITANTE,CODESTADIO) VALUES (1,'20/21',(SELECT CODEQUIPO FROM EQUIPOS WHERE UPPER(NOMBRE) = UPPER('FC Barcelona')),(SELECT CODEQUIPO FROM EQUIPOS WHERE UPPER(NOMBRE) = UPPER('Villarreal CF')),4,0,(SELECT CODESTADIO FROM ESTADIOS WHERE CODEQUIPO=(SELECT CODEQUIPO FROM EQUIPOS WHERE UPPER(NOMBRE) = UPPER('FC Barcelona'))));
INSERT INTO PARTIDOS (CODPARTIDO,CODTEMPORADA,CODEQUIPO_LOCAL,CODEQUIPO_VISITANTE,GOLES_EQUIPO_LOCAL,GOLES_EQUIPO_VISITANTE,CODESTADIO) VALUES (2,'20/22',(SELECT CODEQUIPO FROM EQUIPOS WHERE UPPER(NOMBRE) = UPPER('Atlético de Madrid')),(SELECT CODEQUIPO FROM EQUIPOS WHERE UPPER(NOMBRE) = UPPER('Villarreal CF')),0,0,(SELECT CODESTADIO FROM ESTADIOS WHERE CODEQUIPO=(SELECT CODEQUIPO FROM EQUIPOS WHERE UPPER(NOMBRE) = UPPER('Atlético de Madrid'))));
INSERT INTO PARTIDOS (CODPARTIDO,CODTEMPORADA,CODEQUIPO_LOCAL,CODEQUIPO_VISITANTE,GOLES_EQUIPO_LOCAL,GOLES_EQUIPO_VISITANTE,CODESTADIO) VALUES (3,'20/23',(SELECT CODEQUIPO FROM EQUIPOS WHERE UPPER(NOMBRE) = UPPER('Villarreal CF')),(SELECT CODEQUIPO FROM EQUIPOS WHERE UPPER(NOMBRE) = UPPER('Valencia CF')),2,1,(SELECT CODESTADIO FROM ESTADIOS WHERE CODEQUIPO=(SELECT CODEQUIPO FROM EQUIPOS WHERE UPPER(NOMBRE) = UPPER('Villarreal CF'))));
INSERT INTO PARTIDOS (CODPARTIDO,CODTEMPORADA,CODEQUIPO_LOCAL,CODEQUIPO_VISITANTE,GOLES_EQUIPO_LOCAL,GOLES_EQUIPO_VISITANTE,CODESTADIO) VALUES (4,'20/24',(SELECT CODEQUIPO FROM EQUIPOS WHERE UPPER(NOMBRE) = UPPER('Cádiz CF')),(SELECT CODEQUIPO FROM EQUIPOS WHERE UPPER(NOMBRE) = UPPER('Villarreal CF')),0,0,(SELECT CODESTADIO FROM ESTADIOS WHERE CODEQUIPO=(SELECT CODEQUIPO FROM EQUIPOS WHERE UPPER(NOMBRE) = UPPER('Cádiz CF'))));

INSERT INTO PARTIDOS (CODPARTIDO,CODTEMPORADA,CODEQUIPO_LOCAL,CODEQUIPO_VISITANTE,GOLES_EQUIPO_LOCAL,GOLES_EQUIPO_VISITANTE,CODESTADIO) VALUES (6,'20/26',(SELECT CODEQUIPO FROM EQUIPOS WHERE UPPER(NOMBRE) = UPPER('Getafe CF')),(SELECT CODEQUIPO FROM EQUIPOS WHERE UPPER(NOMBRE) = UPPER('Villarreal CF')),1,3,(SELECT CODESTADIO FROM ESTADIOS WHERE CODEQUIPO=(SELECT CODEQUIPO FROM EQUIPOS WHERE UPPER(NOMBRE) = UPPER('Getafe CF'))));
INSERT INTO PARTIDOS (CODPARTIDO,CODTEMPORADA,CODEQUIPO_LOCAL,CODEQUIPO_VISITANTE,GOLES_EQUIPO_LOCAL,GOLES_EQUIPO_VISITANTE,CODESTADIO) VALUES (7,'20/27',(SELECT CODEQUIPO FROM EQUIPOS WHERE UPPER(NOMBRE) = UPPER('Villarreal CF')),(SELECT CODEQUIPO FROM EQUIPOS WHERE UPPER(NOMBRE) = UPPER('Real Madrid CF')),1,1,(SELECT CODESTADIO FROM ESTADIOS WHERE CODEQUIPO=(SELECT CODEQUIPO FROM EQUIPOS WHERE UPPER(NOMBRE) = UPPER('Villarreal CF'))));
INSERT INTO PARTIDOS (CODPARTIDO,CODTEMPORADA,CODEQUIPO_LOCAL,CODEQUIPO_VISITANTE,GOLES_EQUIPO_LOCAL,GOLES_EQUIPO_VISITANTE,CODESTADIO) VALUES (8,'20/28',(SELECT CODEQUIPO FROM EQUIPOS WHERE UPPER(NOMBRE) = UPPER('Real Sociedad')),(SELECT CODEQUIPO FROM EQUIPOS WHERE UPPER(NOMBRE) = UPPER('Villarreal CF')),1,1,(SELECT CODESTADIO FROM ESTADIOS WHERE CODEQUIPO=(SELECT CODEQUIPO FROM EQUIPOS WHERE UPPER(NOMBRE) = UPPER('Real Sociedad'))));
INSERT INTO PARTIDOS (CODPARTIDO,CODTEMPORADA,CODEQUIPO_LOCAL,CODEQUIPO_VISITANTE,GOLES_EQUIPO_LOCAL,GOLES_EQUIPO_VISITANTE,CODESTADIO) VALUES (9,'20/29',(SELECT CODEQUIPO FROM EQUIPOS WHERE UPPER(NOMBRE) = UPPER('Villarreal CF')),(SELECT CODEQUIPO FROM EQUIPOS WHERE UPPER(NOMBRE) = UPPER('Elche CF')),0,0,(SELECT CODESTADIO FROM ESTADIOS WHERE CODEQUIPO=(SELECT CODEQUIPO FROM EQUIPOS WHERE UPPER(NOMBRE) = UPPER('Villarreal CF'))));
INSERT INTO PARTIDOS (CODPARTIDO,CODTEMPORADA,CODEQUIPO_LOCAL,CODEQUIPO_VISITANTE,GOLES_EQUIPO_LOCAL,GOLES_EQUIPO_VISITANTE,CODESTADIO) VALUES (10,'20/30',(SELECT CODEQUIPO FROM EQUIPOS WHERE UPPER(NOMBRE) = UPPER('Real Betis Balompié')),(SELECT CODEQUIPO FROM EQUIPOS WHERE UPPER(NOMBRE) = UPPER('Villarreal CF')),1,1,(SELECT CODESTADIO FROM ESTADIOS WHERE CODEQUIPO=(SELECT CODEQUIPO FROM EQUIPOS WHERE UPPER(NOMBRE) = UPPER('Real Betis Balompié'))));
INSERT INTO PARTIDOS (CODPARTIDO,CODTEMPORADA,CODEQUIPO_LOCAL,CODEQUIPO_VISITANTE,GOLES_EQUIPO_LOCAL,GOLES_EQUIPO_VISITANTE,CODESTADIO) VALUES (11,'20/31',(SELECT CODEQUIPO FROM EQUIPOS WHERE UPPER(NOMBRE) = UPPER('CA Osasuna')),(SELECT CODEQUIPO FROM EQUIPOS WHERE UPPER(NOMBRE) = UPPER('Villarreal CF')),1,3,(SELECT CODESTADIO FROM ESTADIOS WHERE CODEQUIPO=(SELECT CODEQUIPO FROM EQUIPOS WHERE UPPER(NOMBRE) = UPPER('CA Osasuna'))));
INSERT INTO PARTIDOS (CODPARTIDO,CODTEMPORADA,CODEQUIPO_LOCAL,CODEQUIPO_VISITANTE,GOLES_EQUIPO_LOCAL,GOLES_EQUIPO_VISITANTE,CODESTADIO) VALUES (12,'20/32',(SELECT CODEQUIPO FROM EQUIPOS WHERE UPPER(NOMBRE) = UPPER('Villarreal CF')),(SELECT CODEQUIPO FROM EQUIPOS WHERE UPPER(NOMBRE) = UPPER('Athletic Club')),1,1,(SELECT CODESTADIO FROM ESTADIOS WHERE CODEQUIPO=(SELECT CODEQUIPO FROM EQUIPOS WHERE UPPER(NOMBRE) = UPPER('Villarreal CF'))));
INSERT INTO PARTIDOS (CODPARTIDO,CODTEMPORADA,CODEQUIPO_LOCAL,CODEQUIPO_VISITANTE,GOLES_EQUIPO_LOCAL,GOLES_EQUIPO_VISITANTE,CODESTADIO) VALUES (13,'20/33',(SELECT CODEQUIPO FROM EQUIPOS WHERE UPPER(NOMBRE) = UPPER('Sevilla FC')),(SELECT CODEQUIPO FROM EQUIPOS WHERE UPPER(NOMBRE) = UPPER('Villarreal CF')),2,0,(SELECT CODESTADIO FROM ESTADIOS WHERE CODEQUIPO=(SELECT CODEQUIPO FROM EQUIPOS WHERE UPPER(NOMBRE) = UPPER('Sevilla FC'))));
INSERT INTO PARTIDOS (CODPARTIDO,CODTEMPORADA,CODEQUIPO_LOCAL,CODEQUIPO_VISITANTE,GOLES_EQUIPO_LOCAL,GOLES_EQUIPO_VISITANTE,CODESTADIO) VALUES (14,'20/34',(SELECT CODEQUIPO FROM EQUIPOS WHERE UPPER(NOMBRE) = UPPER('Villarreal CF')),(SELECT CODEQUIPO FROM EQUIPOS WHERE UPPER(NOMBRE) = UPPER('Real Sociedad')),1,1,(SELECT CODESTADIO FROM ESTADIOS WHERE CODEQUIPO=(SELECT CODEQUIPO FROM EQUIPOS WHERE UPPER(NOMBRE) = UPPER('Villarreal CF'))));
INSERT INTO PARTIDOS (CODPARTIDO,CODTEMPORADA,CODEQUIPO_LOCAL,CODEQUIPO_VISITANTE,GOLES_EQUIPO_LOCAL,GOLES_EQUIPO_VISITANTE,CODESTADIO) VALUES (15,'20/35',(SELECT CODEQUIPO FROM EQUIPOS WHERE UPPER(NOMBRE) = UPPER('Elche CF')),(SELECT CODEQUIPO FROM EQUIPOS WHERE UPPER(NOMBRE) = UPPER('Villarreal CF')),2,2,(SELECT CODESTADIO FROM ESTADIOS WHERE CODEQUIPO=(SELECT CODEQUIPO FROM EQUIPOS WHERE UPPER(NOMBRE) = UPPER('Elche CF'))));
INSERT INTO PARTIDOS (CODPARTIDO,CODTEMPORADA,CODEQUIPO_LOCAL,CODEQUIPO_VISITANTE,GOLES_EQUIPO_LOCAL,GOLES_EQUIPO_VISITANTE,CODESTADIO) VALUES (16,'20/36',(SELECT CODEQUIPO FROM EQUIPOS WHERE UPPER(NOMBRE) = UPPER('Villarreal CF')),(SELECT CODEQUIPO FROM EQUIPOS WHERE UPPER(NOMBRE) = UPPER('Real Betis Balompié')),1,2,(SELECT CODESTADIO FROM ESTADIOS WHERE CODEQUIPO=(SELECT CODEQUIPO FROM EQUIPOS WHERE UPPER(NOMBRE) = UPPER('Villarreal CF'))));
INSERT INTO PARTIDOS (CODPARTIDO,CODTEMPORADA,CODEQUIPO_LOCAL,CODEQUIPO_VISITANTE,GOLES_EQUIPO_LOCAL,GOLES_EQUIPO_VISITANTE,CODESTADIO) VALUES (17,'20/37',(SELECT CODEQUIPO FROM EQUIPOS WHERE UPPER(NOMBRE) = UPPER('Athletic Club')),(SELECT CODEQUIPO FROM EQUIPOS WHERE UPPER(NOMBRE) = UPPER('Villarreal CF')),1,1,(SELECT CODESTADIO FROM ESTADIOS WHERE CODEQUIPO=(SELECT CODEQUIPO FROM EQUIPOS WHERE UPPER(NOMBRE) = UPPER('Athletic Club'))));
INSERT INTO PARTIDOS (CODPARTIDO,CODTEMPORADA,CODEQUIPO_LOCAL,CODEQUIPO_VISITANTE,GOLES_EQUIPO_LOCAL,GOLES_EQUIPO_VISITANTE,CODESTADIO) VALUES (18,'20/38',(SELECT CODEQUIPO FROM EQUIPOS WHERE UPPER(NOMBRE) = UPPER('Villarreal CF')),(SELECT CODEQUIPO FROM EQUIPOS WHERE UPPER(NOMBRE) = UPPER('Atlético de Madrid')),0,2,(SELECT CODESTADIO FROM ESTADIOS WHERE CODEQUIPO=(SELECT CODEQUIPO FROM EQUIPOS WHERE UPPER(NOMBRE) = UPPER('Villarreal CF'))));
INSERT INTO PARTIDOS (CODPARTIDO,CODTEMPORADA,CODEQUIPO_LOCAL,CODEQUIPO_VISITANTE,GOLES_EQUIPO_LOCAL,GOLES_EQUIPO_VISITANTE,CODESTADIO) VALUES (19,'20/39',(SELECT CODEQUIPO FROM EQUIPOS WHERE UPPER(NOMBRE) = UPPER('Valencia CF')),(SELECT CODEQUIPO FROM EQUIPOS WHERE UPPER(NOMBRE) = UPPER('Villarreal CF')),2,1,(SELECT CODESTADIO FROM ESTADIOS WHERE CODEQUIPO=(SELECT CODEQUIPO FROM EQUIPOS WHERE UPPER(NOMBRE) = UPPER('Valencia CF'))));
INSERT INTO PARTIDOS (CODPARTIDO,CODTEMPORADA,CODEQUIPO_LOCAL,CODEQUIPO_VISITANTE,GOLES_EQUIPO_LOCAL,GOLES_EQUIPO_VISITANTE,CODESTADIO) VALUES (20,'20/40',(SELECT CODEQUIPO FROM EQUIPOS WHERE UPPER(NOMBRE) = UPPER('Villarreal CF')),(SELECT CODEQUIPO FROM EQUIPOS WHERE UPPER(NOMBRE) = UPPER('Cádiz CF')),2,1,(SELECT CODESTADIO FROM ESTADIOS WHERE CODEQUIPO=(SELECT CODEQUIPO FROM EQUIPOS WHERE UPPER(NOMBRE) = UPPER('Villarreal CF'))));
INSERT INTO PARTIDOS (CODPARTIDO,CODTEMPORADA,CODEQUIPO_LOCAL,CODEQUIPO_VISITANTE,GOLES_EQUIPO_LOCAL,GOLES_EQUIPO_VISITANTE,CODESTADIO) VALUES (21,'20/41',(SELECT CODEQUIPO FROM EQUIPOS WHERE UPPER(NOMBRE) = UPPER('Villarreal CF')),(SELECT CODEQUIPO FROM EQUIPOS WHERE UPPER(NOMBRE) = UPPER('CA Osasuna')),1,2,(SELECT CODESTADIO FROM ESTADIOS WHERE CODEQUIPO=(SELECT CODEQUIPO FROM EQUIPOS WHERE UPPER(NOMBRE) = UPPER('Villarreal CF'))));
INSERT INTO PARTIDOS (CODPARTIDO,CODTEMPORADA,CODEQUIPO_LOCAL,CODEQUIPO_VISITANTE,GOLES_EQUIPO_LOCAL,GOLES_EQUIPO_VISITANTE,CODESTADIO) VALUES (22,'20/42',(SELECT CODEQUIPO FROM EQUIPOS WHERE UPPER(NOMBRE) = UPPER('Villarreal CF')),(SELECT CODEQUIPO FROM EQUIPOS WHERE UPPER(NOMBRE) = UPPER('FC Barcelona')),1,2,(SELECT CODESTADIO FROM ESTADIOS WHERE CODEQUIPO=(SELECT CODEQUIPO FROM EQUIPOS WHERE UPPER(NOMBRE) = UPPER('Villarreal CF'))));
INSERT INTO PARTIDOS (CODPARTIDO,CODTEMPORADA,CODEQUIPO_LOCAL,CODEQUIPO_VISITANTE,GOLES_EQUIPO_LOCAL,GOLES_EQUIPO_VISITANTE,CODESTADIO) VALUES (23,'20/43',(SELECT CODEQUIPO FROM EQUIPOS WHERE UPPER(NOMBRE) = UPPER('Villarreal CF')),(SELECT CODEQUIPO FROM EQUIPOS WHERE UPPER(NOMBRE) = UPPER('Getafe CF')),1,0,(SELECT CODESTADIO FROM ESTADIOS WHERE CODEQUIPO=(SELECT CODEQUIPO FROM EQUIPOS WHERE UPPER(NOMBRE) = UPPER('Villarreal CF'))));
INSERT INTO PARTIDOS (CODPARTIDO,CODTEMPORADA,CODEQUIPO_LOCAL,CODEQUIPO_VISITANTE,GOLES_EQUIPO_LOCAL,GOLES_EQUIPO_VISITANTE,CODESTADIO) VALUES (25,'20/45',(SELECT CODEQUIPO FROM EQUIPOS WHERE UPPER(NOMBRE) = UPPER('Villarreal CF')),(SELECT CODEQUIPO FROM EQUIPOS WHERE UPPER(NOMBRE) = UPPER('Sevilla FC')),4,0,(SELECT CODESTADIO FROM ESTADIOS WHERE CODEQUIPO=(SELECT CODEQUIPO FROM EQUIPOS WHERE UPPER(NOMBRE) = UPPER('Villarreal CF'))));
INSERT INTO PARTIDOS (CODPARTIDO,CODTEMPORADA,CODEQUIPO_LOCAL,CODEQUIPO_VISITANTE,GOLES_EQUIPO_LOCAL,GOLES_EQUIPO_VISITANTE,CODESTADIO) VALUES (26,'20/46',(SELECT CODEQUIPO FROM EQUIPOS WHERE UPPER(NOMBRE) = UPPER('Real Madrid CF')),(SELECT CODEQUIPO FROM EQUIPOS WHERE UPPER(NOMBRE) = UPPER('Villarreal CF')),2,1,(SELECT CODESTADIO FROM ESTADIOS WHERE CODEQUIPO=(SELECT CODEQUIPO FROM EQUIPOS WHERE UPPER(NOMBRE) = UPPER('Real Madrid CF'))));


-- INSERT DE GOLEADORES

INSERT INTO GOLEADORES (CODPARTIDO,CODJUGADOR,MIN_GOL,OBSERVACION) VALUES (3,(SELECT CODJUGADOR FROM JUGADORES WHERE UPPER(NOMBRE) = UPPER('Paco Alcácer')),23,'');		
INSERT INTO GOLEADORES (CODPARTIDO,CODJUGADOR,MIN_GOL,OBSERVACION) VALUES (3,(SELECT CODJUGADOR FROM JUGADORES WHERE UPPER(NOMBRE) = UPPER('Alfonso Pedraza')),61,'');		
INSERT INTO GOLEADORES (CODPARTIDO,CODJUGADOR,MIN_GOL,OBSERVACION) VALUES (5,(SELECT CODJUGADOR FROM JUGADORES WHERE UPPER(NOMBRE) = UPPER('Paco Alcácer')),12,'');		
INSERT INTO GOLEADORES (CODPARTIDO,CODJUGADOR,MIN_GOL,OBSERVACION) VALUES (5,(SELECT CODJUGADOR FROM JUGADORES WHERE UPPER(NOMBRE) = UPPER('Manu Trigueros')),22,'');		
INSERT INTO GOLEADORES (CODPARTIDO,CODJUGADOR,MIN_GOL,OBSERVACION) VALUES (5,(SELECT CODJUGADOR FROM JUGADORES WHERE UPPER(NOMBRE) = UPPER('Gerard Moreno')),47,'');		
INSERT INTO GOLEADORES (CODPARTIDO,CODJUGADOR,MIN_GOL,OBSERVACION) VALUES (6,(SELECT CODJUGADOR FROM JUGADORES WHERE UPPER(NOMBRE) = UPPER('Gerard Moreno')),44,'');		
INSERT INTO GOLEADORES (CODPARTIDO,CODJUGADOR,MIN_GOL,OBSERVACION) VALUES (7,(SELECT CODJUGADOR FROM JUGADORES WHERE UPPER(NOMBRE) = UPPER('Gerard Moreno')),89,'');		
INSERT INTO GOLEADORES (CODPARTIDO,CODJUGADOR,MIN_GOL,OBSERVACION) VALUES (9,(SELECT CODJUGADOR FROM JUGADORES WHERE UPPER(NOMBRE) = UPPER('Paco Alcácer')),66,'');		
INSERT INTO GOLEADORES (CODPARTIDO,CODJUGADOR,MIN_GOL,OBSERVACION) VALUES (10,(SELECT CODJUGADOR FROM JUGADORES WHERE UPPER(NOMBRE) = UPPER('Yéremy Pino')),78,'');		
INSERT INTO GOLEADORES (CODPARTIDO,CODJUGADOR,MIN_GOL,OBSERVACION) VALUES (11,(SELECT CODJUGADOR FROM JUGADORES WHERE UPPER(NOMBRE) = UPPER('Gerard Moreno')),11,'');		
INSERT INTO GOLEADORES (CODPARTIDO,CODJUGADOR,MIN_GOL,OBSERVACION) VALUES (11,(SELECT CODJUGADOR FROM JUGADORES WHERE UPPER(NOMBRE) = UPPER('Fer Niño')),17,'');		
INSERT INTO GOLEADORES (CODPARTIDO,CODJUGADOR,MIN_GOL,OBSERVACION) VALUES (11,(SELECT CODJUGADOR FROM JUGADORES WHERE UPPER(NOMBRE) = UPPER('Gerard Moreno')),88,'');		
INSERT INTO GOLEADORES (CODPARTIDO,CODJUGADOR,MIN_GOL,OBSERVACION) VALUES (12,(SELECT CODJUGADOR FROM JUGADORES WHERE UPPER(NOMBRE) = UPPER('Yéremy Pino')),55,'');		
INSERT INTO GOLEADORES (CODPARTIDO,CODJUGADOR,MIN_GOL,OBSERVACION) VALUES (14,(SELECT CODJUGADOR FROM JUGADORES WHERE UPPER(NOMBRE) = UPPER('Dani Parejo')),43,'');		
INSERT INTO GOLEADORES (CODPARTIDO,CODJUGADOR,MIN_GOL,OBSERVACION) VALUES (15,(SELECT CODJUGADOR FROM JUGADORES WHERE UPPER(NOMBRE) = UPPER('Gerard Moreno')),20,'');		
INSERT INTO GOLEADORES (CODPARTIDO,CODJUGADOR,MIN_GOL,OBSERVACION) VALUES (15,(SELECT CODJUGADOR FROM JUGADORES WHERE UPPER(NOMBRE) = UPPER('Gerard Moreno')),71,'');		
INSERT INTO GOLEADORES (CODPARTIDO,CODJUGADOR,MIN_GOL,OBSERVACION) VALUES (16,(SELECT CODJUGADOR FROM JUGADORES WHERE UPPER(NOMBRE) = UPPER('Gerard Moreno')),63,'');		
INSERT INTO GOLEADORES (CODPARTIDO,CODJUGADOR,MIN_GOL,OBSERVACION) VALUES (17,(SELECT CODJUGADOR FROM JUGADORES WHERE UPPER(NOMBRE) = UPPER('Gerard Moreno')),34,'');		
INSERT INTO GOLEADORES (CODPARTIDO,CODJUGADOR,MIN_GOL,OBSERVACION) VALUES (19,(SELECT CODJUGADOR FROM JUGADORES WHERE UPPER(NOMBRE) = UPPER('Gerard Moreno')),23,'');		
INSERT INTO GOLEADORES (CODPARTIDO,CODJUGADOR,MIN_GOL,OBSERVACION) VALUES (20,(SELECT CODJUGADOR FROM JUGADORES WHERE UPPER(NOMBRE) = UPPER('Gerard Moreno')),5,'');		
INSERT INTO GOLEADORES (CODPARTIDO,CODJUGADOR,MIN_GOL,OBSERVACION) VALUES (20,(SELECT CODJUGADOR FROM JUGADORES WHERE UPPER(NOMBRE) = UPPER('Carlos Bacca')),80,'');		
INSERT INTO GOLEADORES (CODPARTIDO,CODJUGADOR,MIN_GOL,OBSERVACION) VALUES (21,(SELECT CODJUGADOR FROM JUGADORES WHERE UPPER(NOMBRE) = UPPER('Dani Parejo')),89,'');		
INSERT INTO GOLEADORES (CODPARTIDO,CODJUGADOR,MIN_GOL,OBSERVACION) VALUES (22,(SELECT CODJUGADOR FROM JUGADORES WHERE UPPER(NOMBRE) = UPPER('Samuel Chukwueze')),78,'');		
INSERT INTO GOLEADORES (CODPARTIDO,CODJUGADOR,MIN_GOL,OBSERVACION) VALUES (23,(SELECT CODJUGADOR FROM JUGADORES WHERE UPPER(NOMBRE) = UPPER('Yéremy Pino')),75,'');		
INSERT INTO GOLEADORES (CODPARTIDO,CODJUGADOR,MIN_GOL,OBSERVACION) VALUES (25,(SELECT CODJUGADOR FROM JUGADORES WHERE UPPER(NOMBRE) = UPPER('Carlos Bacca')),15,'');		
INSERT INTO GOLEADORES (CODPARTIDO,CODJUGADOR,MIN_GOL,OBSERVACION) VALUES (25,(SELECT CODJUGADOR FROM JUGADORES WHERE UPPER(NOMBRE) = UPPER('Carlos Bacca')),23,'');		
INSERT INTO GOLEADORES (CODPARTIDO,CODJUGADOR,MIN_GOL,OBSERVACION) VALUES (25,(SELECT CODJUGADOR FROM JUGADORES WHERE UPPER(NOMBRE) = UPPER('Carlos Bacca')),44,'');		
INSERT INTO GOLEADORES (CODPARTIDO,CODJUGADOR,MIN_GOL,OBSERVACION) VALUES (25,(SELECT CODJUGADOR FROM JUGADORES WHERE UPPER(NOMBRE) = UPPER('Gerard Moreno')),79,'');		
INSERT INTO GOLEADORES (CODPARTIDO,CODJUGADOR,MIN_GOL,OBSERVACION) VALUES (26,(SELECT CODJUGADOR FROM JUGADORES WHERE UPPER(NOMBRE) = UPPER('Yéremy Pino')),31,'');		

--INSERT DE JUGADORES_EQUIPOS

INSERT INTO JUGADORES_EQUIPOS(CODTEMPORADA,CODJUGADOR,CODEQUIPO) VALUES('20/21',(SELECT CODJUGADOR FROM JUGADORES WHERE UPPER(NOMBRE)=UPPER('Sergio Asenjo')),(SELECT CODEQUIPO FROM EQUIPOS WHERE UPPER(NOMBRE) = UPPER('VILLARREAL CF')));			
INSERT INTO JUGADORES_EQUIPOS(CODTEMPORADA,CODJUGADOR,CODEQUIPO) VALUES('20/21',(SELECT CODJUGADOR FROM JUGADORES WHERE UPPER(NOMBRE)=UPPER('Gerónimo Rulli')),(SELECT CODEQUIPO FROM EQUIPOS WHERE UPPER(NOMBRE) = UPPER('VILLARREAL CF')));			
INSERT INTO JUGADORES_EQUIPOS(CODTEMPORADA,CODJUGADOR,CODEQUIPO) VALUES('20/21',(SELECT CODJUGADOR FROM JUGADORES WHERE UPPER(NOMBRE)=UPPER('Filip Jörgensen')),(SELECT CODEQUIPO FROM EQUIPOS WHERE UPPER(NOMBRE) = UPPER('VILLARREAL CF')));			
INSERT INTO JUGADORES_EQUIPOS(CODTEMPORADA,CODJUGADOR,CODEQUIPO) VALUES('20/21',(SELECT CODJUGADOR FROM JUGADORES WHERE UPPER(NOMBRE)=UPPER('Iker Álvarez')),(SELECT CODEQUIPO FROM EQUIPOS WHERE UPPER(NOMBRE) = UPPER('VILLARREAL CF')));			
INSERT INTO JUGADORES_EQUIPOS(CODTEMPORADA,CODJUGADOR,CODEQUIPO) VALUES('20/21',(SELECT CODJUGADOR FROM JUGADORES WHERE UPPER(NOMBRE)=UPPER('Pau Torres')),(SELECT CODEQUIPO FROM EQUIPOS WHERE UPPER(NOMBRE) = UPPER('VILLARREAL CF')));			
INSERT INTO JUGADORES_EQUIPOS(CODTEMPORADA,CODJUGADOR,CODEQUIPO) VALUES('20/21',(SELECT CODJUGADOR FROM JUGADORES WHERE UPPER(NOMBRE)=UPPER('Raúl Albiol')),(SELECT CODEQUIPO FROM EQUIPOS WHERE UPPER(NOMBRE) = UPPER('VILLARREAL CF')));			
INSERT INTO JUGADORES_EQUIPOS(CODTEMPORADA,CODJUGADOR,CODEQUIPO) VALUES('20/21',(SELECT CODJUGADOR FROM JUGADORES WHERE UPPER(NOMBRE)=UPPER('Ramiro Funes Mori')),(SELECT CODEQUIPO FROM EQUIPOS WHERE UPPER(NOMBRE) = UPPER('VILLARREAL CF')));			
INSERT INTO JUGADORES_EQUIPOS(CODTEMPORADA,CODJUGADOR,CODEQUIPO) VALUES('20/21',(SELECT CODJUGADOR FROM JUGADORES WHERE UPPER(NOMBRE)=UPPER('Soufiane Chakla')),(SELECT CODEQUIPO FROM EQUIPOS WHERE UPPER(NOMBRE) = UPPER('VILLARREAL CF')));			
INSERT INTO JUGADORES_EQUIPOS(CODTEMPORADA,CODJUGADOR,CODEQUIPO) VALUES('20/21',(SELECT CODJUGADOR FROM JUGADORES WHERE UPPER(NOMBRE)=UPPER('Alfonso Pedraza')),(SELECT CODEQUIPO FROM EQUIPOS WHERE UPPER(NOMBRE) = UPPER('VILLARREAL CF')));			
INSERT INTO JUGADORES_EQUIPOS(CODTEMPORADA,CODJUGADOR,CODEQUIPO) VALUES('20/21',(SELECT CODJUGADOR FROM JUGADORES WHERE UPPER(NOMBRE)=UPPER('Pervis Estupiñán')),(SELECT CODEQUIPO FROM EQUIPOS WHERE UPPER(NOMBRE) = UPPER('VILLARREAL CF')));			
INSERT INTO JUGADORES_EQUIPOS(CODTEMPORADA,CODJUGADOR,CODEQUIPO) VALUES('20/21',(SELECT CODJUGADOR FROM JUGADORES WHERE UPPER(NOMBRE)=UPPER('Alberto Moreno')),(SELECT CODEQUIPO FROM EQUIPOS WHERE UPPER(NOMBRE) = UPPER('VILLARREAL CF')));			
INSERT INTO JUGADORES_EQUIPOS(CODTEMPORADA,CODJUGADOR,CODEQUIPO) VALUES('20/21',(SELECT CODJUGADOR FROM JUGADORES WHERE UPPER(NOMBRE)=UPPER('Jaume Costa')),(SELECT CODEQUIPO FROM EQUIPOS WHERE UPPER(NOMBRE) = UPPER('VILLARREAL CF')));			
INSERT INTO JUGADORES_EQUIPOS(CODTEMPORADA,CODJUGADOR,CODEQUIPO) VALUES('20/21',(SELECT CODJUGADOR FROM JUGADORES WHERE UPPER(NOMBRE)=UPPER('Juan Foyth')),(SELECT CODEQUIPO FROM EQUIPOS WHERE UPPER(NOMBRE) = UPPER('VILLARREAL CF')));			
INSERT INTO JUGADORES_EQUIPOS(CODTEMPORADA,CODJUGADOR,CODEQUIPO) VALUES('20/21',(SELECT CODJUGADOR FROM JUGADORES WHERE UPPER(NOMBRE)=UPPER('Mario Gaspar')),(SELECT CODEQUIPO FROM EQUIPOS WHERE UPPER(NOMBRE) = UPPER('VILLARREAL CF')));			
INSERT INTO JUGADORES_EQUIPOS(CODTEMPORADA,CODJUGADOR,CODEQUIPO) VALUES('20/21',(SELECT CODJUGADOR FROM JUGADORES WHERE UPPER(NOMBRE)=UPPER('Rubén Peña')),(SELECT CODEQUIPO FROM EQUIPOS WHERE UPPER(NOMBRE) = UPPER('VILLARREAL CF')));			
INSERT INTO JUGADORES_EQUIPOS(CODTEMPORADA,CODJUGADOR,CODEQUIPO) VALUES('20/21',(SELECT CODJUGADOR FROM JUGADORES WHERE UPPER(NOMBRE)=UPPER('Andrei Ratiu')),(SELECT CODEQUIPO FROM EQUIPOS WHERE UPPER(NOMBRE) = UPPER('VILLARREAL CF')));			
INSERT INTO JUGADORES_EQUIPOS(CODTEMPORADA,CODJUGADOR,CODEQUIPO) VALUES('20/21',(SELECT CODJUGADOR FROM JUGADORES WHERE UPPER(NOMBRE)=UPPER('Lanchi')),(SELECT CODEQUIPO FROM EQUIPOS WHERE UPPER(NOMBRE) = UPPER('VILLARREAL CF')));			
INSERT INTO JUGADORES_EQUIPOS(CODTEMPORADA,CODJUGADOR,CODEQUIPO) VALUES('20/21',(SELECT CODJUGADOR FROM JUGADORES WHERE UPPER(NOMBRE)=UPPER('Francis Coquelin')),(SELECT CODEQUIPO FROM EQUIPOS WHERE UPPER(NOMBRE) = UPPER('VILLARREAL CF')));			
INSERT INTO JUGADORES_EQUIPOS(CODTEMPORADA,CODJUGADOR,CODEQUIPO) VALUES('20/21',(SELECT CODJUGADOR FROM JUGADORES WHERE UPPER(NOMBRE)=UPPER('Vicente Iborra')),(SELECT CODEQUIPO FROM EQUIPOS WHERE UPPER(NOMBRE) = UPPER('VILLARREAL CF')));			
INSERT INTO JUGADORES_EQUIPOS(CODTEMPORADA,CODJUGADOR,CODEQUIPO) VALUES('20/21',(SELECT CODJUGADOR FROM JUGADORES WHERE UPPER(NOMBRE)=UPPER('Étienne Capoue')),(SELECT CODEQUIPO FROM EQUIPOS WHERE UPPER(NOMBRE) = UPPER('VILLARREAL CF')));			
INSERT INTO JUGADORES_EQUIPOS(CODTEMPORADA,CODJUGADOR,CODEQUIPO) VALUES('20/21',(SELECT CODJUGADOR FROM JUGADORES WHERE UPPER(NOMBRE)=UPPER('Manu Trigueros')),(SELECT CODEQUIPO FROM EQUIPOS WHERE UPPER(NOMBRE) = UPPER('VILLARREAL CF')));			
INSERT INTO JUGADORES_EQUIPOS(CODTEMPORADA,CODJUGADOR,CODEQUIPO) VALUES('20/21',(SELECT CODJUGADOR FROM JUGADORES WHERE UPPER(NOMBRE)=UPPER('Dani Parejo')),(SELECT CODEQUIPO FROM EQUIPOS WHERE UPPER(NOMBRE) = UPPER('VILLARREAL CF')));			
INSERT INTO JUGADORES_EQUIPOS(CODTEMPORADA,CODJUGADOR,CODEQUIPO) VALUES('20/21',(SELECT CODJUGADOR FROM JUGADORES WHERE UPPER(NOMBRE)=UPPER('Sergio Lozano')),(SELECT CODEQUIPO FROM EQUIPOS WHERE UPPER(NOMBRE) = UPPER('VILLARREAL CF')));			
INSERT INTO JUGADORES_EQUIPOS(CODTEMPORADA,CODJUGADOR,CODEQUIPO) VALUES('20/21',(SELECT CODJUGADOR FROM JUGADORES WHERE UPPER(NOMBRE)=UPPER('Carlo García')),(SELECT CODEQUIPO FROM EQUIPOS WHERE UPPER(NOMBRE) = UPPER('VILLARREAL CF')));			
INSERT INTO JUGADORES_EQUIPOS(CODTEMPORADA,CODJUGADOR,CODEQUIPO) VALUES('20/21',(SELECT CODJUGADOR FROM JUGADORES WHERE UPPER(NOMBRE)=UPPER('Moi Gómez')),(SELECT CODEQUIPO FROM EQUIPOS WHERE UPPER(NOMBRE) = UPPER('VILLARREAL CF')));			
INSERT INTO JUGADORES_EQUIPOS(CODTEMPORADA,CODJUGADOR,CODEQUIPO) VALUES('20/21',(SELECT CODJUGADOR FROM JUGADORES WHERE UPPER(NOMBRE)=UPPER('Javi Ontiveros')),(SELECT CODEQUIPO FROM EQUIPOS WHERE UPPER(NOMBRE) = UPPER('VILLARREAL CF')));			
INSERT INTO JUGADORES_EQUIPOS(CODTEMPORADA,CODJUGADOR,CODEQUIPO) VALUES('20/21',(SELECT CODJUGADOR FROM JUGADORES WHERE UPPER(NOMBRE)=UPPER('Álex Baena')),(SELECT CODEQUIPO FROM EQUIPOS WHERE UPPER(NOMBRE) = UPPER('VILLARREAL CF')));			
INSERT INTO JUGADORES_EQUIPOS(CODTEMPORADA,CODJUGADOR,CODEQUIPO) VALUES('20/21',(SELECT CODJUGADOR FROM JUGADORES WHERE UPPER(NOMBRE)=UPPER('Samuel Chukwueze')),(SELECT CODEQUIPO FROM EQUIPOS WHERE UPPER(NOMBRE) = UPPER('VILLARREAL CF')));			
INSERT INTO JUGADORES_EQUIPOS(CODTEMPORADA,CODJUGADOR,CODEQUIPO) VALUES('20/21',(SELECT CODJUGADOR FROM JUGADORES WHERE UPPER(NOMBRE)=UPPER('Takefusa Kubo')),(SELECT CODEQUIPO FROM EQUIPOS WHERE UPPER(NOMBRE) = UPPER('VILLARREAL CF')));			
INSERT INTO JUGADORES_EQUIPOS(CODTEMPORADA,CODJUGADOR,CODEQUIPO) VALUES('20/21',(SELECT CODJUGADOR FROM JUGADORES WHERE UPPER(NOMBRE)=UPPER('Yéremy Pino')),(SELECT CODEQUIPO FROM EQUIPOS WHERE UPPER(NOMBRE) = UPPER('VILLARREAL CF')));			
INSERT INTO JUGADORES_EQUIPOS(CODTEMPORADA,CODJUGADOR,CODEQUIPO) VALUES('20/21',(SELECT CODJUGADOR FROM JUGADORES WHERE UPPER(NOMBRE)=UPPER('Dani Raba')),(SELECT CODEQUIPO FROM EQUIPOS WHERE UPPER(NOMBRE) = UPPER('VILLARREAL CF')));			
INSERT INTO JUGADORES_EQUIPOS(CODTEMPORADA,CODJUGADOR,CODEQUIPO) VALUES('20/21',(SELECT CODJUGADOR FROM JUGADORES WHERE UPPER(NOMBRE)=UPPER('Gerard Moreno')),(SELECT CODEQUIPO FROM EQUIPOS WHERE UPPER(NOMBRE) = UPPER('VILLARREAL CF')));			
INSERT INTO JUGADORES_EQUIPOS(CODTEMPORADA,CODJUGADOR,CODEQUIPO) VALUES('20/21',(SELECT CODJUGADOR FROM JUGADORES WHERE UPPER(NOMBRE)=UPPER('Paco Alcácer')),(SELECT CODEQUIPO FROM EQUIPOS WHERE UPPER(NOMBRE) = UPPER('VILLARREAL CF')));			
INSERT INTO JUGADORES_EQUIPOS(CODTEMPORADA,CODJUGADOR,CODEQUIPO) VALUES('20/21',(SELECT CODJUGADOR FROM JUGADORES WHERE UPPER(NOMBRE)=UPPER('Fer Niño')),(SELECT CODEQUIPO FROM EQUIPOS WHERE UPPER(NOMBRE) = UPPER('VILLARREAL CF')));			
INSERT INTO JUGADORES_EQUIPOS(CODTEMPORADA,CODJUGADOR,CODEQUIPO) VALUES('20/21',(SELECT CODJUGADOR FROM JUGADORES WHERE UPPER(NOMBRE)=UPPER('Carlos Bacca')),(SELECT CODEQUIPO FROM EQUIPOS WHERE UPPER(NOMBRE) = UPPER('VILLARREAL CF')));			
INSERT INTO JUGADORES_EQUIPOS(CODTEMPORADA,CODJUGADOR,CODEQUIPO) VALUES('20/21',(SELECT CODJUGADOR FROM JUGADORES WHERE UPPER(NOMBRE)=UPPER('Álex Millán')),(SELECT CODEQUIPO FROM EQUIPOS WHERE UPPER(NOMBRE) = UPPER('VILLARREAL CF')));			